PassengerId,pc1,pc2,pc3,pc4,pc5,pc6,pc7,Survived
675,-1.51856565032,-0.318938413896,0.128082351434,-0.0702527415005,-0.177466025475,0.0323182272824,0.104188481941,0
467,-1.51856565032,-0.318938413896,0.128082351434,-0.0702527415005,-0.177466025475,0.0323182272824,0.104188481941,0
598,-1.51856565032,-0.318938413896,0.128082351434,-0.0702527415005,-0.177466025475,0.0323182272824,0.104188481941,0
733,-1.51856565032,-0.318938413896,0.128082351434,-0.0702527415005,-0.177466025475,0.0323182272824,0.104188481941,0
414,-1.51856565032,-0.318938413896,0.128082351434,-0.0702527415005,-0.177466025475,0.0323182272824,0.104188481941,0
272,-1.51856565032,-0.318938413896,0.128082351434,-0.0702527415005,-0.177466025475,0.0323182272824,0.104188481941,1
303,-1.51856565032,-0.318938413896,0.128082351434,-0.0702527415005,-0.177466025475,0.0323182272824,0.104188481941,0
180,-1.51856565032,-0.318938413896,0.128082351434,-0.0702527415005,-0.177466025475,0.0323182272824,0.104188481941,0
634,-1.51856565032,-0.318938413896,0.128082351434,-0.0702527415005,-0.177466025475,0.0323182272824,0.104188481941,0
264,-0.986631912097,1.31756477046,0.0340787911891,-0.524247918783,-1.17037275635,2.40268237042,-0.686709504296,0
807,-0.986631912097,1.31756477046,0.0340787911891,-0.524247918783,-1.17037275635,2.40268237042,-0.686709504296,0
278,-1.51856565032,-0.318938413896,0.128082351434,-0.0702527415005,-0.177466025475,0.0323182272824,0.104188481941,0
816,-0.986631912097,1.31756477046,0.0340787911891,-0.524247918783,-1.17037275635,2.40268237042,-0.686709504296,0
379,-1.23025164046,0.728142539321,-0.180430097148,0.985374698373,1.69751418805,-0.133597192837,-0.647114312878,0
873,-0.95087200022,1.36106734808,0.0524545574801,-0.544978863589,-1.14403784696,2.3998585007,-0.636103751991,0
327,-1.47395516026,-0.264668948308,0.151006119882,-0.0961145951458,-0.144613226012,0.0287954498084,0.167319157942,0
844,-1.2129080832,0.749241289469,-0.171517850497,0.975320190143,1.7102866191,-0.134966769651,-0.62257052301,0
819,-1.472435364,-0.262820088759,0.151787089949,-0.0969956603001,-0.143493992363,0.0286754353454,0.169469902414,0
203,-1.47210780321,-0.262421605148,0.151955411968,-0.0971855557545,-0.143252764593,0.0286495686988,0.169933451106,0
372,-1.17347651478,-0.547076429331,0.475433694657,-0.357674795352,0.0476634520175,0.0632532198053,-0.317673879397,0
655,0.369004454794,-0.80976126163,-2.2340595015,-0.40975721666,-0.358224909662,-0.255080307043,0.143322765556,0
144,-1.47028976929,-0.260209934102,0.152889635927,-0.0982395169884,-0.141913897799,0.0285060031623,0.172506247553,0
412,-1.4695152096,-0.25926766827,0.153287655025,-0.0986885492529,-0.141343483662,0.0284448381442,0.173602368148,0
826,-1.46885937281,-0.258469830997,0.153624666578,-0.0990687547807,-0.140860501424,0.0283930483735,0.174530477645,0
130,-1.46868057325,-0.258252318108,0.15371654541,-0.0991724095047,-0.140728826877,0.0283789290249,0.174783506407,0
805,-1.46868057325,-0.258252318108,0.15371654541,-0.0991724095047,-0.140728826877,0.0283789290249,0.174783506407,1
785,-1.46814417458,-0.257599779444,0.153992181904,-0.0994833736768,-0.140333803236,0.0283365709792,0.175542592691,0
885,-1.46814417458,-0.257599779444,0.153992181904,-0.0994833736768,-0.140333803236,0.0283365709792,0.175542592691,0
132,-1.46814417458,-0.257599779444,0.153992181904,-0.0994833736768,-0.140333803236,0.0283365709792,0.175542592691,0
722,-1.16948284782,-0.542218061462,0.477485900237,-0.359990027268,0.0506045346982,0.0629378500351,-0.312022228979,0
632,-1.46811413625,-0.257563237279,0.154007617548,-0.0995007876704,-0.140311681912,0.0283341989286,0.175585101523,0
244,-1.4676077759,-0.25694724078,0.154267818399,-0.0997943378489,-0.139938779595,0.0282942129334,0.176301678976,0
762,-1.4676077759,-0.25694724078,0.154267818399,-0.0997943378489,-0.139938779595,0.0282942129334,0.176301678976,0
128,-1.46748833779,-0.25680194217,0.154329193458,-0.0998635792045,-0.139850820998,0.0282847812085,0.176470702188,1
599,-1.20727589708,0.756092945445,-0.168623667306,0.972055066336,1.71443436733,-0.135411529132,-0.614600117022,0
20,0.670485136084,0.26455820623,-0.63123472181,3.21285456426,0.58953012849,-0.165163429377,-0.63654149334,1
355,-1.20727589708,0.756092945445,-0.168623667306,0.972055066336,1.71443436733,-0.135411529132,-0.614600117022,0
662,-1.20727589708,0.756092945445,-0.168623667306,0.972055066336,1.71443436733,-0.135411529132,-0.614600117022,0
554,-1.20727589708,0.756092945445,-0.168623667306,0.972055066336,1.71443436733,-0.135411529132,-0.614600117022,1
204,-1.20727589708,0.756092945445,-0.168623667306,0.972055066336,1.71443436733,-0.135411529132,-0.614600117022,0
27,-1.20727589708,0.756092945445,-0.168623667306,0.972055066336,1.71443436733,-0.135411529132,-0.614600117022,0
694,-1.20727589708,0.756092945445,-0.168623667306,0.972055066336,1.71443436733,-0.135411529132,-0.614600117022,0
876,0.632018327008,0.206541617917,-2.55557280473,0.660537366664,1.49812335547,-0.418997839337,-0.643783599019,1
523,-1.20727589708,0.756092945445,-0.168623667306,0.972055066336,1.71443436733,-0.135411529132,-0.614600117022,0
368,0.67051517441,0.264594748395,-0.631219286166,3.21283715026,0.589552249814,-0.165165801427,-0.636498984508,1
58,-1.20724585875,0.756129487611,-0.168608231662,0.972037652342,1.71445648866,-0.135413901182,-0.61455760819,0
833,-1.20724585875,0.756129487611,-0.168608231662,0.972037652342,1.71445648866,-0.135413901182,-0.61455760819,0
763,-1.20724585875,0.756129487611,-0.168608231662,0.972037652342,1.71445648866,-0.135413901182,-0.61455760819,1
799,-1.20724585875,0.756129487611,-0.168608231662,0.972037652342,1.71445648866,-0.135413901182,-0.61455760819,0
532,-1.20724585875,0.756129487611,-0.168608231662,0.972037652342,1.71445648866,-0.135413901182,-0.61455760819,0
353,-0.357909532545,0.185620345089,0.598955179005,0.647865095679,2.05214818775,0.0617690371768,-0.58797359393,0
61,-1.20724585875,0.756129487611,-0.168608231662,0.972037652342,1.71445648866,-0.135413901182,-0.61455760819,0
525,-1.20724585875,0.756129487611,-0.168608231662,0.972037652342,1.71445648866,-0.135413901182,-0.61455760819,0
37,-1.20724585875,0.756129487611,-0.168608231662,0.972037652342,1.71445648866,-0.135413901182,-0.61455760819,1
569,-1.20724585875,0.756129487611,-0.168608231662,0.972037652342,1.71445648866,-0.135413901182,-0.61455760819,0
860,-1.20724585875,0.756129487611,-0.168608231662,0.972037652342,1.71445648866,-0.135413901182,-0.61455760819,0
781,0.632048365334,0.206578160082,-2.55555736908,0.660519952671,1.49814547679,-0.419000211388,-0.643741090187,1
593,-1.4667137781,-0.255859676339,0.154727212556,-0.100312611469,-0.13928040686,0.0282236161904,0.177566822783,0
95,-1.4667137781,-0.255859676339,0.154727212556,-0.100312611469,-0.13928040686,0.0282236161904,0.177566822783,0
426,-1.4667137781,-0.255859676339,0.154727212556,-0.100312611469,-0.13928040686,0.0282236161904,0.177566822783,0
366,-1.4667137781,-0.255859676339,0.154727212556,-0.100312611469,-0.13928040686,0.0282236161904,0.177566822783,0
377,0.372580445982,-0.805411003867,-2.23222192487,-0.411830311141,-0.355591418723,-0.255362694015,0.148383340786,1
471,-1.4667137781,-0.255859676339,0.154727212556,-0.100312611469,-0.13928040686,0.0282236161904,0.177566822783,0
492,-1.4667137781,-0.255859676339,0.154727212556,-0.100312611469,-0.13928040686,0.0282236161904,0.177566822783,0
213,-1.4667137781,-0.255859676339,0.154727212556,-0.100312611469,-0.13928040686,0.0282236161904,0.177566822783,0
321,-1.4667137781,-0.255859676339,0.154727212556,-0.100312611469,-0.13928040686,0.0282236161904,0.177566822783,0
1,-1.16808248967,-0.540514500522,0.478205495245,-0.360801851066,0.0516358097499,0.0628272672969,-0.310040507719,0
155,-1.4662667792,-0.255315894119,0.154956909634,-0.100571748279,-0.138951220493,0.0281883178189,0.178199394687,0
664,-1.46495582083,-0.253721089623,0.155630565227,-0.101331744716,-0.137985782715,0.0280847947551,0.180054601567,0
787,0.37433840325,-0.803272417151,-2.2313185722,-0.412849444387,-0.354296794577,-0.25550151545,0.150871119569,1
479,-1.46477702127,-0.253503576735,0.155722444058,-0.10143539944,-0.137854108168,0.0280706754065,0.180307630328,0
650,0.374726040695,-0.80280084921,-2.23111937889,-0.413074167829,-0.35401132416,-0.255532126198,0.151419685924,1
649,-1.46456818339,-0.253249521682,0.155829758533,-0.101556468157,-0.137700312297,0.0280541840073,0.180603167922,0
503,0.375292477699,-0.80211176838,-2.23082830675,-0.413402545995,-0.353594179195,-0.255576856294,0.152221281041,0
716,-0.848886137085,1.08591251544,0.719583011177,-0.575888301097,-1.29470602249,-1.95019833503,-0.50686674224,0
107,0.375441238932,-0.801930797657,-2.23075186356,-0.413488786725,-0.353484625972,-0.255588603592,0.152431800971,1
700,-0.848886137085,1.08591251544,0.719583011177,-0.575888301097,-1.29470602249,-1.95019833503,-0.50686674224,0
76,-0.848886137085,1.08591251544,0.719583011177,-0.575888301097,-1.29470602249,-1.95019833503,-0.50686674224,0
469,-1.46331658647,-0.251726931465,0.156472910353,-0.102282051226,-0.136778590468,0.0279553485672,0.182374369252,0
630,-1.46325722502,-0.251654717186,0.156503414126,-0.102316464594,-0.136734874519,0.0279506609434,0.182458374801,0
422,-1.46325722502,-0.251654717186,0.156503414126,-0.102316464594,-0.136734874519,0.0279506609434,0.182458374801,0
157,0.376036999064,-0.801206044714,-2.2304457233,-0.413834164265,-0.353045886381,-0.255635649262,0.153274892804,1
698,0.376036999064,-0.801206044714,-2.2304457233,-0.413834164265,-0.353045886381,-0.255635649262,0.153274892804,1
728,0.37606703739,-0.801169502549,-2.23043028765,-0.413851578259,-0.353023765057,-0.255638021313,0.153317401636,1
704,-1.46319714837,-0.251581632855,0.156534285413,-0.102351292581,-0.136690631871,0.0279459168423,0.182543392465,0
261,-1.46313778691,-0.251509418577,0.156564789185,-0.10238570595,-0.136646915921,0.0279412292186,0.182627398014,0
526,-1.46313778691,-0.251509418577,0.156564789185,-0.10238570595,-0.136646915921,0.0279412292186,0.182627398014,0
594,1.47756651272,-1.37276938278,-1.34221409228,-0.541270039752,-0.0594069628165,0.0695134935181,1.18182660554,0
127,-1.46313778691,-0.251509418577,0.156564789185,-0.10238570595,-0.136646915921,0.0279412292186,0.182627398014,0
277,0.37615643717,-0.801060746105,-2.23038434824,-0.413903405621,-0.352957927784,-0.255645080987,0.153443916017,0
776,-1.46313778691,-0.251509418577,0.156564789185,-0.10238570595,-0.136646915921,0.0279412292186,0.182627398014,0
275,0.37615643717,-0.801060746105,-2.23038434824,-0.413903405621,-0.352957927784,-0.255645080987,0.153443916017,1
502,0.37615643717,-0.801060746105,-2.23038434824,-0.413903405621,-0.352957927784,-0.255645080987,0.153443916017,0
290,0.37615643717,-0.801060746105,-2.23038434824,-0.413903405621,-0.352957927784,-0.255645080987,0.153443916017,1
891,-1.46313778691,-0.251509418577,0.156564789185,-0.10238570595,-0.136646915921,0.0279412292186,0.182627398014,0
614,-1.46313778691,-0.251509418577,0.156564789185,-0.10238570595,-0.136646915921,0.0279412292186,0.182627398014,0
750,-1.46313778691,-0.251509418577,0.156564789185,-0.10238570595,-0.136646915921,0.0279412292186,0.182627398014,0
829,-1.46313778691,-0.251509418577,0.156564789185,-0.10238570595,-0.136646915921,0.0279412292186,0.182627398014,1
574,0.37615643717,-0.801060746105,-2.23038434824,-0.413903405621,-0.352957927784,-0.255645080987,0.153443916017,1
265,0.37615643717,-0.801060746105,-2.23038434824,-0.413903405621,-0.352957927784,-0.255645080987,0.153443916017,0
48,0.37615643717,-0.801060746105,-2.23038434824,-0.413903405621,-0.352957927784,-0.255645080987,0.153443916017,1
215,-1.16450649849,-0.536164242759,0.480043071874,-0.362874945547,0.0542693006889,0.062544880325,-0.304979932489,0
460,-1.46313778691,-0.251509418577,0.156564789185,-0.10238570595,-0.136646915921,0.0279412292186,0.182627398014,0
117,-1.46313778691,-0.251509418577,0.156564789185,-0.10238570595,-0.136646915921,0.0279412292186,0.182627398014,0
561,-1.46313778691,-0.251509418577,0.156564789185,-0.10238570595,-0.136646915921,0.0279412292186,0.182627398014,0
777,-0.848170938847,1.08678256699,0.719950526502,-0.576302919993,-1.2941793243,-1.95025481243,-0.505854627194,0
369,0.37615643717,-0.801060746105,-2.23038434824,-0.413903405621,-0.352957927784,-0.255645080987,0.153443916017,1
511,-1.46313778691,-0.251509418577,0.156564789185,-0.10238570595,-0.136646915921,0.0279412292186,0.182627398014,1
33,0.37615643717,-0.801060746105,-2.23038434824,-0.413903405621,-0.352957927784,-0.255645080987,0.153443916017,1
407,-1.46313778691,-0.251509418577,0.156564789185,-0.10238570595,-0.136646915921,0.0279412292186,0.182627398014,0
429,-1.46313778691,-0.251509418577,0.156564789185,-0.10238570595,-0.136646915921,0.0279412292186,0.182627398014,0
555,0.376335236729,-0.800843233217,-2.23029246941,-0.414007060345,-0.352826253237,-0.255659200335,0.153696944778,1
806,-1.46295898735,-0.251291905688,0.156656668016,-0.102489360674,-0.136515241374,0.02792710987,0.182880426775,0
163,-1.46295898735,-0.251291905688,0.156656668016,-0.102489360674,-0.136515241374,0.02792710987,0.182880426775,0
268,-1.16432769893,-0.535946729871,0.480134950705,-0.362978600271,0.0544009752358,0.0625307609765,-0.304726903727,1
720,-1.46295898735,-0.251291905688,0.156656668016,-0.102489360674,-0.136515241374,0.02792710987,0.182880426775,0
108,-1.46295898735,-0.251291905688,0.156656668016,-0.102489360674,-0.136515241374,0.02792710987,0.182880426775,1
668,-1.46295898735,-0.251291905688,0.156656668016,-0.102489360674,-0.136515241374,0.02792710987,0.182880426775,0
247,0.376335236729,-0.800843233217,-2.23029246941,-0.414007060345,-0.352826253237,-0.255659200335,0.153696944778,0
676,-1.46295898735,-0.251291905688,0.156656668016,-0.102489360674,-0.136515241374,0.02792710987,0.182880426775,0
380,-1.46295898735,-0.251291905688,0.156656668016,-0.102489360674,-0.136515241374,0.02792710987,0.182880426775,0
808,0.376335236729,-0.800843233217,-2.23029246941,-0.414007060345,-0.352826253237,-0.255659200335,0.153696944778,0
765,-1.46295898735,-0.251291905688,0.156656668016,-0.102489360674,-0.136515241374,0.02792710987,0.182880426775,0
852,-1.46295898735,-0.251291905688,0.156656668016,-0.102489360674,-0.136515241374,0.02792710987,0.182880426775,0
147,-1.46281022612,-0.251110934965,0.156733111204,-0.102575601404,-0.136405688151,0.0279153625719,0.183090946705,1
757,-1.46281022612,-0.251110934965,0.156733111204,-0.102575601404,-0.136405688151,0.0279153625719,0.183090946705,0
500,-1.46281022612,-0.251110934965,0.156733111204,-0.102575601404,-0.136405688151,0.0279153625719,0.183090946705,0
396,-1.46281022612,-0.251110934965,0.156733111204,-0.102575601404,-0.136405688151,0.0279153625719,0.183090946705,0
392,-1.46281022612,-0.251110934965,0.156733111204,-0.102575601404,-0.136405688151,0.0279153625719,0.183090946705,1
52,-1.46278018779,-0.2510743928,0.156748546848,-0.102593015398,-0.136383566827,0.0279129905214,0.183133455537,0
553,-1.46257134991,-0.250820337747,0.156855861323,-0.102714084115,-0.136229770957,0.0278964991222,0.18342899313,0
772,-1.46239255035,-0.250602824859,0.156947740154,-0.102817738839,-0.13609809641,0.0278823797736,0.183682021892,0
570,-1.46239255035,-0.250602824859,0.156947740154,-0.102817738839,-0.13609809641,0.0278823797736,0.183682021892,1
624,-1.46239255035,-0.250602824859,0.156947740154,-0.102817738839,-0.13609809641,0.0278823797736,0.183682021892,0
176,-0.613056224146,-0.821111967381,0.924511150821,-0.426990295502,0.201593602684,0.225065318133,0.210266036152,0
705,-1.16376126192,-0.535257649042,0.480426022843,-0.363306978436,0.0548181202006,0.0624860308801,-0.303925308611,0
316,0.376901673733,-0.800154152387,-2.23000139727,-0.414335438511,-0.352409108272,-0.255703930432,0.154498539895,1
15,0.376901673733,-0.800154152387,-2.23000139727,-0.414335438511,-0.352409108272,-0.255703930432,0.154498539895,0
92,-1.46239255035,-0.250602824859,0.156947740154,-0.102817738839,-0.13609809641,0.0278823797736,0.183682021892,0
641,-1.46239255035,-0.250602824859,0.156947740154,-0.102817738839,-0.13609809641,0.0278823797736,0.183682021892,0
29,0.377080473293,-0.799936639499,-2.22990951844,-0.414439093235,-0.352277433725,-0.25571804978,0.154751568656,1
359,0.377080473293,-0.799936639499,-2.22990951844,-0.414439093235,-0.352277433725,-0.25571804978,0.154751568656,1
811,-1.46215438934,-0.250313097692,0.157070122758,-0.102955806932,-0.135922705913,0.0278635728013,0.184019056202,0
101,0.3771991962,-0.799792210941,-2.22984851089,-0.414507919972,-0.352190001826,-0.255727425028,0.154919579754,0
456,-1.2024783473,0.76192925126,-0.1661583745,0.969273802781,1.71796745878,-0.135790379493,-0.607810849293,1
607,-1.46209502788,-0.250240883413,0.15710062653,-0.1029902203,-0.135878989963,0.0278588851776,0.184103061751,0
754,-1.46209502788,-0.250240883413,0.15710062653,-0.1029902203,-0.135878989963,0.0278588851776,0.184103061751,0
879,-1.46209502788,-0.250240883413,0.15710062653,-0.1029902203,-0.135878989963,0.0278588851776,0.184103061751,0
520,-1.46209502788,-0.250240883413,0.15710062653,-0.1029902203,-0.135878989963,0.0278588851776,0.184103061751,0
288,-1.46209502788,-0.250240883413,0.15710062653,-0.1029902203,-0.135878989963,0.0278588851776,0.184103061751,0
651,-1.46209502788,-0.250240883413,0.15710062653,-0.1029902203,-0.135878989963,0.0278588851776,0.184103061751,0
411,-1.46209502788,-0.250240883413,0.15710062653,-0.1029902203,-0.135878989963,0.0278588851776,0.184103061751,0
102,-1.46209502788,-0.250240883413,0.15710062653,-0.1029902203,-0.135878989963,0.0278588851776,0.184103061751,0
385,-1.46209502788,-0.250240883413,0.15710062653,-0.1029902203,-0.135878989963,0.0278588851776,0.184103061751,0
882,-1.46209502788,-0.250240883413,0.15710062653,-0.1029902203,-0.135878989963,0.0278588851776,0.184103061751,0
131,-1.2024783473,0.76192925126,-0.1661583745,0.969273802781,1.71796745878,-0.135790379493,-0.607810849293,0
224,-1.46209502788,-0.250240883413,0.15710062653,-0.1029902203,-0.135878989963,0.0278588851776,0.184103061751,0
314,-1.46209502788,-0.250240883413,0.15710062653,-0.1029902203,-0.135878989963,0.0278588851776,0.184103061751,0
43,-1.2024783473,0.76192925126,-0.1661583745,0.969273802781,1.71796745878,-0.135790379493,-0.607810849293,0
567,-1.46209502788,-0.250240883413,0.15710062653,-0.1029902203,-0.135878989963,0.0278588851776,0.184103061751,0
30,-1.46209502788,-0.250240883413,0.15710062653,-0.1029902203,-0.135878989963,0.0278588851776,0.184103061751,0
647,-1.46209502788,-0.250240883413,0.15710062653,-0.1029902203,-0.135878989963,0.0278588851776,0.184103061751,0
562,-1.46209502788,-0.250240883413,0.15710062653,-0.1029902203,-0.135878989963,0.0278588851776,0.184103061751,0
336,-1.46209502788,-0.250240883413,0.15710062653,-0.1029902203,-0.135878989963,0.0278588851776,0.184103061751,0
795,-1.46209502788,-0.250240883413,0.15710062653,-0.1029902203,-0.135878989963,0.0278588851776,0.184103061751,0
602,-1.46209502788,-0.250240883413,0.15710062653,-0.1029902203,-0.135878989963,0.0278588851776,0.184103061751,0
421,-1.2024783473,0.76192925126,-0.1661583745,0.969273802781,1.71796745878,-0.135790379493,-0.607810849293,0
871,-1.46209502788,-0.250240883413,0.15710062653,-0.1029902203,-0.135878989963,0.0278588851776,0.184103061751,0
109,-1.46209502788,-0.250240883413,0.15710062653,-0.1029902203,-0.135878989963,0.0278588851776,0.184103061751,0
190,-1.46209502788,-0.250240883413,0.15710062653,-0.1029902203,-0.135878989963,0.0278588851776,0.184103061751,0
629,-1.46209502788,-0.250240883413,0.15710062653,-0.1029902203,-0.135878989963,0.0278588851776,0.184103061751,0
848,-1.2024783473,0.76192925126,-0.1661583745,0.969273802781,1.71796745878,-0.135790379493,-0.607810849293,0
106,-1.46209502788,-0.250240883413,0.15710062653,-0.1029902203,-0.135878989963,0.0278588851776,0.184103061751,0
657,-1.46209502788,-0.250240883413,0.15710062653,-0.1029902203,-0.135878989963,0.0278588851776,0.184103061751,0
739,-1.46209502788,-0.250240883413,0.15710062653,-0.1029902203,-0.135878989963,0.0278588851776,0.184103061751,0
393,-0.864623613143,-0.819296476725,0.804164506383,-0.624089768212,0.246107239128,0.0970496959914,-0.79081606166,0
745,-1.46188619,-0.24998682836,0.157207941005,-0.103111289018,-0.135725194093,0.0278423937784,0.184398599345,1
3,0.377408034085,-0.799538155888,-2.22974119642,-0.414628988689,-0.352036205955,-0.255743916427,0.155215117347,1
817,0.377408034085,-0.799538155888,-2.22974119642,-0.414628988689,-0.352036205955,-0.255743916427,0.155215117347,0
69,2.67334326335,-2.5098660893,-0.0476578097062,-1.58395258121,0.705179625453,0.207829262504,-0.766831515138,1
217,0.377408034085,-0.799538155888,-2.22974119642,-0.414628988689,-0.352036205955,-0.255743916427,0.155215117347,1
580,-1.46188619,-0.24998682836,0.157207941005,-0.103111289018,-0.135725194093,0.0278423937784,0.184398599345,1
637,-1.46188619,-0.24998682836,0.157207941005,-0.103111289018,-0.135725194093,0.0278423937784,0.184398599345,0
383,-1.46188619,-0.24998682836,0.157207941005,-0.103111289018,-0.135725194093,0.0278423937784,0.184398599345,0
730,0.676039322513,-1.08419298007,-1.90626291373,-0.675118228286,-0.161119989345,-0.221140265321,-0.332392213155,0
174,-1.46188619,-0.24998682836,0.157207941005,-0.103111289018,-0.135725194093,0.0278423937784,0.184398599345,0
415,-1.46188619,-0.24998682836,0.157207941005,-0.103111289018,-0.135725194093,0.0278423937784,0.184398599345,1
665,-1.16325490157,-0.534641652542,0.480686223694,-0.363600528615,0.0551910225175,0.0624460448849,-0.303208731158,1
401,-1.46188619,-0.24998682836,0.157207941005,-0.103111289018,-0.135725194093,0.0278423937784,0.184398599345,1
529,-1.46188619,-0.24998682836,0.157207941005,-0.103111289018,-0.135725194093,0.0278423937784,0.184398599345,0
116,-1.46188619,-0.24998682836,0.157207941005,-0.103111289018,-0.135725194093,0.0278423937784,0.184398599345,0
105,-0.864623613143,-0.819296476725,0.804164506383,-0.624089768212,0.246107239128,0.0970496959914,-0.79081606166,0
23,0.378153270649,-0.79863156217,-2.22935824545,-0.415061021579,-0.351487386444,-0.255802765872,0.156269741225,1
615,-1.4609921922,-0.248899263919,0.157667335162,-0.103629562638,-0.135066821358,0.0277717970354,0.185663743152,0
38,-1.4609921922,-0.248899263919,0.157667335162,-0.103629562638,-0.135066821358,0.0277717970354,0.185663743152,0
305,-1.4609921922,-0.248899263919,0.157667335162,-0.103629562638,-0.135066821358,0.0277717970354,0.185663743152,0
90,-1.4609921922,-0.248899263919,0.157667335162,-0.103629562638,-0.135066821358,0.0277717970354,0.185663743152,0
13,-1.4609921922,-0.248899263919,0.157667335162,-0.103629562638,-0.135066821358,0.0277717970354,0.185663743152,0
46,-1.4609921922,-0.248899263919,0.157667335162,-0.103629562638,-0.135066821358,0.0277717970354,0.185663743152,0
604,-1.4609921922,-0.248899263919,0.157667335162,-0.103629562638,-0.135066821358,0.0277717970354,0.185663743152,0
677,-1.4609921922,-0.248899263919,0.157667335162,-0.103629562638,-0.135066821358,0.0277717970354,0.185663743152,0
465,-1.4609921922,-0.248899263919,0.157667335162,-0.103629562638,-0.135066821358,0.0277717970354,0.185663743152,0
575,-1.4609921922,-0.248899263919,0.157667335162,-0.103629562638,-0.135066821358,0.0277717970354,0.185663743152,0
88,-1.4609921922,-0.248899263919,0.157667335162,-0.103629562638,-0.135066821358,0.0277717970354,0.185663743152,0
373,-1.4609921922,-0.248899263919,0.157667335162,-0.103629562638,-0.135066821358,0.0277717970354,0.185663743152,0
402,-1.4609921922,-0.248899263919,0.157667335162,-0.103629562638,-0.135066821358,0.0277717970354,0.185663743152,0
565,0.378302031882,-0.798450591447,-2.22928180226,-0.415147262309,-0.351377833221,-0.25581451317,0.156480261155,0
221,-1.4609921922,-0.248899263919,0.157667335162,-0.103629562638,-0.135066821358,0.0277717970354,0.185663743152,1
5,-1.4609921922,-0.248899263919,0.157667335162,-0.103629562638,-0.135066821358,0.0277717970354,0.185663743152,0
122,-1.4609921922,-0.248899263919,0.157667335162,-0.103629562638,-0.135066821358,0.0277717970354,0.185663743152,0
564,-1.4609921922,-0.248899263919,0.157667335162,-0.103629562638,-0.135066821358,0.0277717970354,0.185663743152,0
96,-1.4609921922,-0.248899263919,0.157667335162,-0.103629562638,-0.135066821358,0.0277717970354,0.185663743152,0
113,-1.4609921922,-0.248899263919,0.157667335162,-0.103629562638,-0.135066821358,0.0277717970354,0.185663743152,0
483,-1.4609921922,-0.248899263919,0.157667335162,-0.103629562638,-0.135066821358,0.0277717970354,0.185663743152,0
284,-1.4609921922,-0.248899263919,0.157667335162,-0.103629562638,-0.135066821358,0.0277717970354,0.185663743152,1
589,-1.4609921922,-0.248899263919,0.157667335162,-0.103629562638,-0.135066821358,0.0277717970354,0.185663743152,0
223,-1.4609921922,-0.248899263919,0.157667335162,-0.103629562638,-0.135066821358,0.0277717970354,0.185663743152,0
430,-0.314091605908,2.725895906,0.627049512235,-1.03154195396,-2.28550596061,0.419939898525,-1.29371626829,1
158,-1.4609921922,-0.248899263919,0.157667335162,-0.103629562638,-0.135066821358,0.0277717970354,0.185663743152,0
759,-1.4609921922,-0.248899263919,0.157667335162,-0.103629562638,-0.135066821358,0.0277717970354,0.185663743152,0
416,0.416768840958,-0.740434003135,-0.304943719342,2.13716993528,-1.2599710602,-0.0019801032098,0.163722366834,0
489,-1.4609921922,-0.248899263919,0.157667335162,-0.103629562638,-0.135066821358,0.0277717970354,0.185663743152,0
153,-1.4609921922,-0.248899263919,0.157667335162,-0.103629562638,-0.135066821358,0.0277717970354,0.185663743152,0
91,-1.4609921922,-0.248899263919,0.157667335162,-0.103629562638,-0.135066821358,0.0277717970354,0.185663743152,0
455,-1.4609921922,-0.248899263919,0.157667335162,-0.103629562638,-0.135066821358,0.0277717970354,0.185663743152,0
462,-1.4609921922,-0.248899263919,0.157667335162,-0.103629562638,-0.135066821358,0.0277717970354,0.185663743152,0
590,-1.4609921922,-0.248899263919,0.157667335162,-0.103629562638,-0.135066821358,0.0277717970354,0.185663743152,0
512,-1.4609921922,-0.248899263919,0.157667335162,-0.103629562638,-0.135066821358,0.0277717970354,0.185663743152,0
445,-1.4605451933,-0.248355481699,0.157897032241,-0.103888699448,-0.134737634991,0.027736498664,0.186296315056,1
681,0.37892783034,-0.797689296339,-2.22896022635,-0.415510053844,-0.350916972306,-0.25586393089,0.15736586182,0
835,-1.45920419661,-0.246724135038,0.158586123477,-0.104666109878,-0.133750075888,0.0276306035495,0.188194030767,0
770,-1.45875719771,-0.246180352817,0.158815820556,-0.104925246688,-0.133420889521,0.027595305178,0.188826602671,0
198,-0.907753922266,-0.531671859659,0.603054202425,-0.168781459833,0.013574226107,0.190151041357,0.703439999408,0
804,1.12874112749,-0.238968094522,-0.455102644952,1.81822992329,1.23865769788,0.0344264200464,-0.725783736947,1
104,-1.45667096445,-0.243642412439,0.159887862761,-0.106134690008,-0.131884510907,0.0274305606187,0.191778942261,0
350,-1.456611603,-0.24357019816,0.159918366533,-0.106169103377,-0.131840794958,0.0274258729949,0.19186294781,0
405,0.382682621087,-0.793121525688,-2.22703077089,-0.417686803048,-0.34815180682,-0.25616043721,0.162679465812,0
726,-1.456611603,-0.24357019816,0.159918366533,-0.106169103377,-0.131840794958,0.0274258729949,0.19186294781,0
286,-1.19699492241,0.768599936513,-0.163340634497,0.966094919704,1.72200565378,-0.136223391676,-0.600050963234,0
501,-1.456611603,-0.24357019816,0.159918366533,-0.106169103377,-0.131840794958,0.0274258729949,0.19186294781,0
822,-1.456611603,-0.24357019816,0.159918366533,-0.106169103377,-0.131840794958,0.0274258729949,0.19186294781,1
845,-1.456611603,-0.24357019816,0.159918366533,-0.106169103377,-0.131840794958,0.0274258729949,0.19186294781,0
70,-0.859349026142,-0.812879846525,0.806874931911,-0.627147582571,0.249991638263,0.0966331752079,-0.783351713195,0
535,0.382682621087,-0.793121525688,-2.22703077089,-0.417686803048,-0.34815180682,-0.25616043721,0.162679465812,0
472,-1.456611603,-0.24357019816,0.159918366533,-0.106169103377,-0.131840794958,0.0274258729949,0.19186294781,0
159,-1.456611603,-0.24357019816,0.159918366533,-0.106169103377,-0.131840794958,0.0274258729949,0.19186294781,0
837,-1.456611603,-0.24357019816,0.159918366533,-0.106169103377,-0.131840794958,0.0274258729949,0.19186294781,0
164,-1.456611603,-0.24357019816,0.159918366533,-0.106169103377,-0.131840794958,0.0274258729949,0.19186294781,0
798,0.421298191397,-0.734923966653,-0.302616244783,2.13454415381,-1.25663548058,-0.00233777454836,0.170132091421,1
294,0.384023617783,-0.791490179027,-2.22634167965,-0.418464213478,-0.347164247718,-0.256266332325,0.164577181524,0
874,-1.45419780894,-0.24063377417,0.161158730758,-0.107568442151,-0.130063188574,0.0272352617889,0.19527883609,0
81,-1.45419780894,-0.24063377417,0.161158730758,-0.107568442151,-0.130063188574,0.0272352617889,0.19527883609,0
139,-1.45264797436,-0.238748372456,0.161955136469,-0.108466921299,-0.128921833601,0.0271128752753,0.197472089395,0
226,-1.45169461511,-0.237588593736,0.162445034398,-0.109019608287,-0.128219744917,0.0270375909086,0.198821238752,0
856,0.976771455823,-1.01497765129,0.143919107872,2.06809657257,-1.10634850127,0.159864977916,0.691071207196,1
41,0.72559170427,-1.01269059269,0.02377165674,1.87077237642,-1.06154939441,0.0318187450269,-0.309462324261,0
714,-1.45074125586,-0.236428815017,0.162934932327,-0.109572295276,-0.127517656232,0.0269623065419,0.200170388108,0
356,-1.45062181776,-0.236283516408,0.162996307387,-0.109641536632,-0.127429697635,0.0269528748171,0.200339411321,0
201,-1.45062181776,-0.236283516408,0.162996307387,-0.109641536632,-0.127429697635,0.0269528748171,0.200339411321,0
771,-1.45062181776,-0.236283516408,0.162996307387,-0.109641536632,-0.127429697635,0.0269528748171,0.200339411321,0
82,-1.45062181776,-0.236283516408,0.162996307387,-0.109641536632,-0.127429697635,0.0269528748171,0.200339411321,1
283,-1.45062181776,-0.236283516408,0.162996307387,-0.109641536632,-0.127429697635,0.0269528748171,0.200339411321,0
442,-1.45062181776,-0.236283516408,0.162996307387,-0.109641536632,-0.127429697635,0.0269528748171,0.200339411321,0
753,-1.45062181776,-0.236283516408,0.162996307387,-0.109641536632,-0.127429697635,0.0269528748171,0.200339411321,0
869,-1.45062181776,-0.236283516408,0.162996307387,-0.109641536632,-0.127429697635,0.0269528748171,0.200339411321,0
504,0.389298204785,-0.785073548827,-2.22363125413,-0.421522027837,-0.343279848583,-0.256682853108,0.172041529989,0
484,0.42776501386,-0.727056960515,-0.299293171207,2.13079516976,-1.25187307556,-0.00284844314827,0.179283635668,1
403,0.689628089026,-1.06766200057,-1.89928012254,-0.682995987313,-0.151112723777,-0.222213335814,-0.313162027279,0
114,0.689628089026,-1.06766200057,-1.89928012254,-0.682995987313,-0.151112723777,-0.222213335814,-0.313162027279,0
475,0.391086200379,-0.782898419946,-2.22271246581,-0.422558575078,-0.341963103114,-0.256824046594,0.174571817604,0
678,0.391116238705,-0.782861877781,-2.22269703017,-0.422575989071,-0.34194098179,-0.256826418645,0.174614326436,1
688,-1.44582426798,-0.230447210593,0.165461600192,-0.112422800187,-0.123896606191,0.0265740244556,0.20712867905,0
206,2.09316181343,1.91148025384,-1.30694818997,-1.41674565157,-2.34233489621,0.297570358433,-0.78429113004,0
252,2.43025991094,1.68484201797,0.940868175633,0.875082306426,-3.06001190658,0.5860084195,-1.26465635486,0
243,-1.44346983538,-0.227583000882,0.166671460645,-0.113787725593,-0.122162715757,0.0263881008733,0.210460561782,0
517,1.04925804584,0.619174245468,0.267446143458,1.65309455829,-2.40459936298,-1.98155984102,-0.499962839744,1
227,-1.44346983538,-0.227583000882,0.166671460645,-0.113787725593,-0.122162715757,0.0263881008733,0.210460561782,1
57,0.395824388702,-0.777134328411,-2.22027767678,-0.425305425264,-0.33847372762,-0.257198209332,0.181277079785,1
220,-1.44346983538,-0.227583000882,0.166671460645,-0.113787725593,-0.122162715757,0.0263881008733,0.210460561782,0
813,-1.44346983538,-0.227583000882,0.166671460645,-0.113787725593,-0.122162715757,0.0263881008733,0.210460561782,0
266,-1.44346983538,-0.227583000882,0.166671460645,-0.113787725593,-0.122162715757,0.0263881008733,0.210460561782,0
459,0.395824388702,-0.777134328411,-2.22027767678,-0.425305425264,-0.33847372762,-0.257198209332,0.181277079785,1
239,-1.44346983538,-0.227583000882,0.166671460645,-0.113787725593,-0.122162715757,0.0263881008733,0.210460561782,0
571,-1.44346983538,-0.227583000882,0.166671460645,-0.113787725593,-0.122162715757,0.0263881008733,0.210460561782,1
527,0.395824388702,-0.777134328411,-2.22027767678,-0.425305425264,-0.33847372762,-0.257198209332,0.181277079785,1
718,1.542724975,2.19766084151,-1.75089549971,-1.35321781659,-2.48891286688,0.134969892158,-1.29810293166,1
673,-1.44346983538,-0.227583000882,0.166671460645,-0.113787725593,-0.122162715757,0.0263881008733,0.210460561782,0
884,-1.44346983538,-0.227583000882,0.166671460645,-0.113787725593,-0.122162715757,0.0263881008733,0.210460561782,0
235,-1.44346983538,-0.227583000882,0.166671460645,-0.113787725593,-0.122162715757,0.0263881008733,0.210460561782,0
620,-1.44346983538,-0.227583000882,0.166671460645,-0.113787725593,-0.122162715757,0.0263881008733,0.210460561782,0
842,-1.44346983538,-0.227583000882,0.166671460645,-0.113787725593,-0.122162715757,0.0263881008733,0.210460561782,0
883,0.395943826808,-0.776989029801,-2.22021630172,-0.42537466662,-0.338385769022,-0.257207641057,0.181446102997,0
9,1.54023062377,-1.28531634029,0.594558136655,1.99701935673,-0.950180410008,0.321437103794,1.22331159958,1
173,1.24969006535,-1.34213343445,-1.45038679155,-0.752103763396,0.00255355109767,-0.0603729423117,0.214270818631,1
870,1.18646961242,-1.51302728445,0.201251044782,0.474627742577,-0.410490949462,0.231201548322,-0.394994154109,1
126,0.896156530116,-0.214059695559,-0.565694697613,1.61012563584,1.29715095763,-0.0950882250962,-1.70000227721,1
145,-1.43631785301,-0.218882485357,0.170346613903,-0.117933914554,-0.116895733879,0.0258233269296,0.220581712243,0
758,-1.43631785301,-0.218882485357,0.170346613903,-0.117933914554,-0.116895733879,0.0258233269296,0.220581712243,0
862,-1.13768656458,-0.50353730954,0.493824896592,-0.378423154151,0.0740204827312,0.0604269780361,-0.26702561826,0
390,0.666169042851,0.24808657955,-2.53802394792,0.640739314375,1.52327319394,-0.421694634918,-0.595455105568,1
240,-1.43077506666,-0.212139585825,0.173194857678,-0.121147210999,-0.112813822924,0.0253856271232,0.22842560385,0
480,0.959313594976,-1.04743647525,-1.76962321235,-0.496400055098,-0.182283515029,-0.095628455504,0.713559980996,1
323,0.409055556097,-0.761038374689,-2.21347864325,-0.432975874843,-0.328729811145,-0.258243041128,0.200001208137,1
627,-0.561435186946,-0.600717930083,-1.15635419783,-0.940009870817,0.0272000579956,-0.0975798456883,-0.093660590074,0
304,1.55595614239,2.21375679523,-1.74409646618,-1.36088826617,-2.4791689504,0.133925060362,-1.27937880331,1
80,0.409949553894,-0.759950810248,-2.21301924909,-0.433494148463,-0.328071438411,-0.258313637871,0.201266351945,1
752,2.04433472504,1.75809619133,0.352085892293,-0.198358350881,-2.74477959574,0.588008241506,-1.37318728748,1
824,2.14602198704,1.98700662965,0.624786138877,1.12722734074,-3.24032832216,0.550268160832,-0.756680209058,1
151,-0.56018359003,-0.599195339866,-1.15571104601,-0.940735453885,0.0281217798243,-0.0976786811285,-0.0918893887433,0
400,0.449667959885,-0.700411631719,-0.288038014354,2.11809746606,-1.23574294356,-0.00457806335089,0.210279658955,1
347,0.413704344641,-0.755383039598,-2.21108979363,-0.435670897667,-0.325306272925,-0.258610144191,0.206579955937,1
344,-1.42558987944,-0.20583171207,0.175859343791,-0.124153197996,-0.108995261062,0.0249761660141,0.235763437934,0
667,-1.42558987944,-0.20583171207,0.175859343791,-0.124153197996,-0.108995261062,0.0249761660141,0.235763437934,0
734,-1.42558987944,-0.20583171207,0.175859343791,-0.124153197996,-0.108995261062,0.0249761660141,0.235763437934,0
229,-1.42558987944,-0.20583171207,0.175859343791,-0.124153197996,-0.108995261062,0.0249761660141,0.235763437934,0
865,-1.42558987944,-0.20583171207,0.175859343791,-0.124153197996,-0.108995261062,0.0249761660141,0.235763437934,0
346,1.02867119271,0.582908945968,-1.64770405631,-0.90958811171,-1.48283868131,-2.23680618584,-0.481902069271,1
222,-1.42558987944,-0.20583171207,0.175859343791,-0.124153197996,-0.108995261062,0.0249761660141,0.235763437934,0
124,1.56060493093,2.21941213032,-1.74170761656,-1.36358328899,-2.47574541218,0.133557957299,-1.27280005551,1
191,0.452171153717,-0.697366451285,-0.286751710714,2.11664629993,-1.2338994999,-0.0047757342312,0.213822061616,1
464,-1.42558987944,-0.20583171207,0.175859343791,-0.124153197996,-0.108995261062,0.0249761660141,0.235763437934,0
659,-1.42558987944,-0.20583171207,0.175859343791,-0.124153197996,-0.108995261062,0.0249761660141,0.235763437934,0
200,0.413704344641,-0.755383039598,-2.21108979363,-0.435670897667,-0.325306272925,-0.258610144191,0.206579955937,0
735,-1.42558987944,-0.20583171207,0.175859343791,-0.124153197996,-0.108995261062,0.0249761660141,0.235763437934,0
724,-1.42558987944,-0.20583171207,0.175859343791,-0.124153197996,-0.108995261062,0.0249761660141,0.235763437934,0
796,-1.42558987944,-0.20583171207,0.175859343791,-0.124153197996,-0.108995261062,0.0249761660141,0.235763437934,0
636,0.413704344641,-0.755383039598,-2.21108979363,-0.435670897667,-0.325306272925,-0.258610144191,0.206579955937,1
179,-1.42558987944,-0.20583171207,0.175859343791,-0.124153197996,-0.108995261062,0.0249761660141,0.235763437934,0
801,-1.42558987944,-0.20583171207,0.175859343791,-0.124153197996,-0.108995261062,0.0249761660141,0.235763437934,0
723,-1.42558987944,-0.20583171207,0.175859343791,-0.124153197996,-0.108995261062,0.0249761660141,0.235763437934,0
388,0.413704344641,-0.755383039598,-2.21108979363,-0.435670897667,-0.325306272925,-0.258610144191,0.206579955937,1
150,-0.556786398402,-0.595062594992,-1.15396534821,-0.942704893641,0.0306235962163,-0.0979469487518,-0.0870818422743,0
444,0.452171153717,-0.697366451285,-0.286751710714,2.11664629993,-1.2338994999,-0.0047757342312,0.213822061616,1
577,0.413704344641,-0.755383039598,-2.21108979363,-0.435670897667,-0.325306272925,-0.258610144191,0.206579955937,1
866,0.452171153717,-0.697366451285,-0.286751710714,2.11664629993,-1.2338994999,-0.0047757342312,0.213822061616,1
715,-1.42558987944,-0.20583171207,0.175859343791,-0.124153197996,-0.108995261062,0.0249761660141,0.235763437934,0
22,-1.42558987944,-0.20583171207,0.175859343791,-0.124153197996,-0.108995261062,0.0249761660141,0.235763437934,1
419,-1.42558987944,-0.20583171207,0.175859343791,-0.124153197996,-0.108995261062,0.0249761660141,0.235763437934,0
18,-1.42558987944,-0.20583171207,0.175859343791,-0.124153197996,-0.108995261062,0.0249761660141,0.235763437934,1
192,-1.42558987944,-0.20583171207,0.175859343791,-0.124153197996,-0.108995261062,0.0249761660141,0.235763437934,0
289,-1.42558987944,-0.20583171207,0.175859343791,-0.124153197996,-0.108995261062,0.0249761660141,0.235763437934,1
135,-1.42558987944,-0.20583171207,0.175859343791,-0.124153197996,-0.108995261062,0.0249761660141,0.235763437934,0
748,0.413704344641,-0.755383039598,-2.21108979363,-0.435670897667,-0.325306272925,-0.258610144191,0.206579955937,1
692,1.22700629406,-0.0254417184449,-2.08873223032,0.571182091408,1.67751040965,-0.259915462912,-0.066925126947,1
563,-1.42201388825,-0.201481454307,0.17769692042,-0.126226292476,-0.106361770123,0.0246937790422,0.240824013165,0
696,-1.42201388825,-0.201481454307,0.17769692042,-0.126226292476,-0.106361770123,0.0246937790422,0.240824013165,0
707,0.455747144904,-0.693016193523,-0.284914134085,2.11457320545,-1.23126600896,-0.00505812120305,0.218882636847,1
233,-1.42201388825,-0.201481454307,0.17769692042,-0.126226292476,-0.106361770123,0.0246937790422,0.240824013165,0
474,0.717450058749,0.321691881529,-0.607101092909,3.18562778521,0.624116818388,-0.168872130433,-0.570078934607,1
867,0.978090860126,-0.0204000766327,-2.20771612793,0.372545211831,1.72397704297,-0.388140503231,-1.06425430217,1
548,-1.15980461406,0.813842617243,-0.144229837554,0.944534737106,1.74939395955,-0.139160216183,-0.547420980837,1
318,-1.41843789707,-0.197131196544,0.179534497049,-0.128299386957,-0.103728279184,0.0244113920703,0.245884588395,0
861,-0.820400760521,-0.765498579079,0.826889081524,-0.649726898416,0.278674568174,0.0935575292652,-0.728233952015,0
617,-0.566240777912,-0.764160132856,0.948567969019,-0.454130419204,0.236070212661,0.221368420852,0.27651706284,0
424,1.31152025525,-1.25569487207,0.485956914515,1.78666907872,-0.888834026181,0.191616520607,0.254575686522,0
74,-0.856941497659,0.534335888097,0.181423033317,0.6815921975,1.94342664933,-0.104890741819,-1.02903962661,0
703,1.23442647577,-0.0164149335876,-2.08491925882,0.566880420361,1.68297490335,-0.260501415878,-0.0564244333436,0
241,0.982352726424,-0.0152154394313,-2.20552610411,0.370074497829,1.72711563747,-0.388477052024,-1.05822310861,0
112,0.982352726424,-0.0152154394313,-2.20552610411,0.370074497829,1.72711563747,-0.388477052024,-1.05822310861,0
115,0.683750761125,0.269475056865,-2.52898931867,0.630546738051,1.53622101549,-0.423083018704,-0.570574281389,0
496,-1.15554346296,0.819026384393,-0.142040181243,0.942064437723,1.75253202735,-0.139496708499,-0.541390799392,0
133,0.761530415707,-0.96897050218,0.0422393018625,1.84993777689,-1.03508281048,0.0289807559597,-0.258603543194,0
248,1.56430920283,-1.25602431468,0.60693127513,1.98306038235,-0.932448062119,0.319535679358,1.25738647683,1
761,-1.41486190588,-0.192780938782,0.181372073678,-0.130372481438,-0.101094788245,0.0241290050985,0.250945163626,0
756,1.21054819148,-1.48373525884,0.213624183257,0.460668768202,-0.392758601574,0.229300123886,-0.360919276852,1
576,-1.41486190588,-0.192780938782,0.181372073678,-0.130372481438,-0.101094788245,0.0241290050985,0.250945163626,0
154,-0.313451830325,-0.76448957546,1.06954232963,-0.257739115568,0.192456176722,0.349287579603,1.27932785315,0
587,-1.41128591469,-0.188430681019,0.183209650307,-0.132445575918,-0.0984612973061,0.0238466181266,0.256005738856,0
136,-1.15134167331,0.824137937264,-0.139881028704,0.939628551708,1.7556263792,-0.139828513191,-0.535444623496,0
182,-1.15131163499,0.82417447943,-0.13986559306,0.939611137715,1.75564850053,-0.139830885241,-0.535402114664,0
498,-1.41057071645,-0.187560629467,0.183577165633,-0.132860194814,-0.0979345991183,0.0237901407323,0.257017853903,0
141,1.82925983188,-0.237365335524,0.2864132034,3.05223217771,0.925326501704,0.15546520628,0.473020919803,0
256,1.82925983188,-0.237365335524,0.2864132034,3.05223217771,0.925326501704,0.15546520628,0.473020919803,1
47,-1.10907863508,-0.46873524744,0.508525509625,-0.395007909996,0.0950884102431,0.0581678822613,-0.226541016415,0
613,0.730215589007,-1.01828657497,-1.8784236278,-0.706525609667,-0.12122260162,-0.225418427944,-0.255724498413,1
242,0.730215589007,-1.01828657497,-1.8784236278,-0.706525609667,-0.12122260162,-0.225418427944,-0.255724498413,1
719,-1.4077099235,-0.184080423257,0.185047226936,-0.134518670399,-0.0958278063671,0.0235642311548,0.261066314087,0
365,-1.10907863508,-0.46873524744,0.508525509625,-0.395007909996,0.0950884102431,0.0581678822613,-0.226541016415,0
187,0.768682398083,-0.960269986655,0.0459144551207,1.84579158793,-1.0298158286,0.028415982016,-0.248482392733,1
189,-0.558373597299,-0.754589565779,0.952610637603,-0.458691227061,0.241863892727,0.220747169514,0.287650328347,0
623,-0.297028282574,0.259683483496,0.630239921115,0.612570662147,2.09698337099,0.056961398981,-0.50181730063,1
382,1.79433969086,-0.291067338188,-1.63610237102,0.497858885008,1.836531625,-0.0986492750785,0.470797892637,1
162,0.471839105249,-0.673440033591,-0.276645039254,2.10524428028,-1.21941529974,-0.00632886257641,0.241655225384,1
86,1.36844816877,-1.52653445459,0.694157324139,1.32336194259,-0.646139951721,0.0974256133487,-1.22015465108,1
143,0.771185591914,-0.957224806221,0.047200758761,1.84434042179,-1.02797238494,0.0282183111357,-0.244939990072,1
404,-1.10657544125,-0.465690067006,0.509811813265,-0.396459076132,0.0969318539004,0.0579702113809,-0.222998613754,0
207,-1.10657544125,-0.465690067006,0.509811813265,-0.396459076132,0.0969318539004,0.0579702113809,-0.222998613754,0
349,1.22056096681,-1.4715545371,0.218769397818,0.454864103656,-0.385384826945,0.228509440365,-0.346749666207,1
490,1.22056096681,-1.4715545371,0.218769397818,0.454864103656,-0.385384826945,0.228509440365,-0.346749666207,1
16,0.473627100843,-0.67126490471,-0.275726250939,2.10420773304,-1.21809855427,-0.00647005606234,0.244185513,1
625,-1.40341873408,-0.178860113942,0.187252318891,-0.137006383775,-0.0926676172403,0.0232253667885,0.267139004364,0
432,0.772973587508,-0.95504967734,0.0481195470756,1.84330387455,-1.02665563947,0.0280771176498,-0.242409702457,1
161,-0.852713696301,-0.464714432281,0.631337446869,-0.200689700841,0.0541078652434,0.185804654041,0.781330349126,0
348,0.772973587508,-0.95504967734,0.0481195470756,1.84330387455,-1.02665563947,0.0280771176498,-0.242409702457,1
640,-1.10478744565,-0.463514938124,0.51073060158,-0.397495623373,0.0982485993699,0.057829017895,-0.220468326139,0
744,-1.10478744565,-0.463514938124,0.51073060158,-0.397495623373,0.0982485993699,0.057829017895,-0.220468326139,0
254,-1.10478744565,-0.463514938124,0.51073060158,-0.397495623373,0.0982485993699,0.057829017895,-0.220468326139,0
618,0.772973587508,-0.95504967734,0.0481195470756,1.84330387455,-1.02665563947,0.0280771176498,-0.242409702457,0
736,-1.40341873408,-0.178860113942,0.187252318891,-0.137006383775,-0.0926676172403,0.0232253667885,0.267139004364,0
395,2.72694415035,1.7379119894,1.08439878937,1.04602637531,-3.07129984124,0.710461278172,-0.199727003597,1
560,0.782271164596,-0.943739007157,0.0528972463113,1.8379138289,-1.01980856303,0.0273429115229,-0.229252206857,1
354,-1.09262907561,-0.448724061732,0.516978362119,-0.404544144607,0.107202468562,0.0568689021907,-0.203262370355,0
19,0.786562354021,-0.938518697842,0.0551023382662,1.83542611552,-1.0166483739,0.0270040471567,-0.223179516581,0
39,1.04672683337,-1.28119011034,-1.54575746196,-0.977380321667,0.0828610696855,-0.192226711697,-0.718028952763,0
832,1.24094411658,-1.44675806785,0.229243584604,0.443047465117,-0.370373928592,0.226899834625,-0.317904387393,1
438,2.74267274256,-2.0742110904,1.71359236983,1.38077728301,-0.381455473434,0.548921979563,0.83937805005,1
408,1.24094411658,-1.44675806785,0.229243584604,0.443047465117,-0.370373928592,0.226899834625,-0.317904387393,1
208,-1.12458110086,0.856692656205,-0.126129707758,0.924114756472,1.7753338453,-0.141941727856,-0.497574314816,1
732,-1.12458110086,0.856692656205,-0.126129707758,0.924114756472,1.7753338453,-0.141941727856,-0.497574314816,0
645,1.86604789116,-0.543926435319,-1.42030688967,0.025983234778,2.09011044421,-0.194007344168,-0.983016075419,1
859,2.40866219893,-0.488308835319,0.745244883826,2.97191227743,1.09323574897,0.315778338084,1.02782338079,1
470,1.86604789116,-0.543926435319,-1.42030688967,0.025983234778,2.09011044421,-0.194007344168,-0.983016075419,1
273,1.04936407693,-0.926667418711,0.181221913443,2.02601275461,-1.05288863521,0.154132522387,0.793800884376,1
452,-1.0771328754,-0.429872654743,0.524941316683,-0.413527692229,0.118614438197,0.0556452064869,-0.181332873651,0
491,-1.0771328754,-0.429872654743,0.524941316683,-0.413527692229,0.118614438197,0.0556452064869,-0.181332873651,0
425,-0.524669880355,-0.713588386366,0.969929797332,-0.478230142541,0.266684544827,0.218085672304,0.335346249895,0
280,1.35335935214,-1.20479685625,0.507456561075,1.76241387329,-0.858022182195,0.188312593036,0.313784416719,1
747,-0.524401681016,-0.713262117034,0.970067615579,-0.478385624627,0.266882056647,0.218064493281,0.335725793037,0
329,1.3553261473,-1.20240421448,0.508467228221,1.76127367133,-0.856573762178,0.188157280201,0.316567733096,1
549,-0.522434885862,-0.710869475265,0.971078282725,-0.479525826591,0.268330476664,0.217909180447,0.338509109414,0
94,0.0286277510336,-0.996288767828,1.41534716837,-0.543416453105,0.415369308241,0.380460229002,0.853206511699,0
789,1.80470152219,-1.71673394536,0.680035867279,0.371797353197,-0.213986204181,0.38844840943,0.214758056961,1
727,1.405280878,-1.48172679963,0.713084363418,1.30200906944,-0.61901499505,0.0945170275385,-1.1680307262,1
42,0.808018301148,-0.912417151267,0.0661277980408,1.82298754864,-1.00084742827,0.0253097253256,-0.192816065198,0
406,-1.06974273201,-0.420882412051,0.528738852545,-0.417811949282,0.124056810572,0.0550616255708,-0.17087468888,0
477,-1.06974273201,-0.420882412051,0.528738852545,-0.417811949282,0.124056810572,0.0550616255708,-0.17087468888,0
118,-1.06974273201,-0.420882412051,0.528738852545,-0.417811949282,0.124056810572,0.0550616255708,-0.17087468888,0
375,1.91805550538,-1.82494516762,-0.766892955028,-1.31430240939,0.436748738054,0.00321954678506,-0.660322400835,0
25,1.91805550538,-1.82494516762,-0.766892955028,-1.31430240939,0.436748738054,0.00321954678506,-0.660322400835,0
568,2.71274356251,-1.77052706178,1.51926566376,1.8284325558,-0.604266691304,0.640980865183,2.35231573064,0
8,1.85483505246,-1.99583901762,0.884744881307,-0.0875709034123,0.0237042374942,0.294794037419,-1.26958737358,0
49,-0.506637136569,0.312542288583,0.531454298297,0.391146742659,2.17239681001,-0.0743675824558,-1.44352164503,0
185,1.57966106113,-1.24856952366,-1.28975127952,-0.600456887173,0.0157792034914,0.0614513454715,1.32630602837,1
129,2.20455459616,1.10599197256,-1.16900645994,-0.200297925448,0.757989463033,-2.20855783615,-1.15251520369,1
534,1.88012830652,-0.175482918852,0.312552730949,3.02274240872,0.962787910311,0.151448251606,0.545007602457,1
509,-1.35746724732,-0.122959301693,0.210865178575,-0.163645647851,-0.0588272586744,0.0195966942002,0.332167396076,0
99,1.07439601525,-0.896215614373,0.194084949846,2.01150109325,-1.03445419864,0.152155813584,0.829224910989,1
775,2.47443737923,-1.75257907523,1.40573348849,1.62364521952,-0.549987017063,0.511918039196,1.37000027001,1
751,1.3345604946,-1.23888702687,-1.40677485038,-0.801305343942,0.0650552449489,-0.0670749452696,0.334375474808,1
652,1.03592920617,-0.954232202685,-1.73025313307,-0.540816104344,-0.125860971661,-0.101678596376,0.82198280531,1
331,1.08427474084,-1.23551240383,-1.52646290736,-0.999147813714,0.110512724545,-0.195191774901,-0.664892912842,1
302,-0.755019483239,-0.685961076302,0.860486230065,-0.687630114042,0.326823736407,0.0883945353039,-0.635709430845,1
784,0.0491897003631,-0.971274785693,1.42591323398,-0.555336746368,0.43051188114,0.378836503914,0.882304819275,0
889,1.88848392445,-1.52082611322,-0.961035903439,-0.86685444604,0.214200869278,0.0952501937082,0.853121337278,0
875,1.08909092886,0.125854529981,-0.246105743215,2.88281300484,0.868799966103,-0.140033861176,-0.954366524858,1
309,-0.7886701043,0.617389269197,0.216505311289,0.642013506915,1.99370420494,-0.110281960931,-0.93242514854,0
800,1.38125208341,-1.1708648457,0.521789658782,1.74624373635,-0.837480952871,0.186109974655,0.353256903517,0
769,-1.04721398753,-0.393475788147,0.540315585308,-0.43087244451,0.140647803487,0.0532825876481,-0.138993064927,0
812,-1.34584527596,-0.108820963964,0.216837302619,-0.170383204913,-0.0502684131227,0.0186789365416,0.348614265575,0
420,1.59485902368,-1.23008092817,-1.28194157885,-0.609267538715,0.0269715399821,0.0602512008411,1.3478134731,0
566,-0.748582699101,-0.67813061233,0.863793867997,-0.691361684107,0.331564020098,0.0878862387546,-0.62660039543,0
596,-0.496508949751,-0.679330106486,0.984400713286,-0.494555761575,0.287423285971,0.215861874901,0.375198279835,0
518,-1.34584527596,-0.108820963964,0.216837302619,-0.170383204913,-0.0502684131227,0.0186789365416,0.348614265575,0
177,1.88624441345,-1.95762896359,0.900885051871,-0.105779721473,0.0468352418077,0.29231371969,-1.2251383171,0
230,1.94946486638,-1.78673511359,-0.750752784464,-1.33251122745,0.459879742368,0.000739229056442,-0.615873344355,0
410,1.94946486638,-1.78673511359,-0.750752784464,-1.33251122745,0.459879742368,0.000739229056442,-0.615873344355,0
663,-0.188663714998,2.87848119702,0.691502512501,-1.10425574287,-2.19313626593,0.410035175488,-1.11621659208,0
863,0.544640564246,-0.584875745958,-0.239234919208,2.06303939361,-1.16580163781,-0.0120778095043,0.344680440158,1
398,-1.33261410856,-0.0927250102428,0.223636336147,-0.178053654491,-0.0405244966485,0.0176341047457,0.367338393928,0
250,-0.165179339093,-0.766610717348,-0.782710073167,-1.25709458973,0.29001057724,-0.0706853589136,-0.443114216783,0
237,-1.03398282013,-0.377379834426,0.547114618836,-0.438542894088,0.150391719962,0.0522377558522,-0.120268936574,0
881,1.09585196238,-0.870114067798,0.205110409621,1.99906252637,-1.01865325301,0.150461491753,0.859588362373,1
547,0.843778213025,-0.868914573641,0.0845035643318,1.80225660383,-0.97451251888,0.022485855607,-0.142210312892,1
260,1.09585196238,-0.870114067798,0.205110409621,1.99906252637,-1.01865325301,0.150461491753,0.859588362373,1
552,-1.33261410856,-0.0927250102428,0.223636336147,-0.178053654491,-0.0405244966485,0.0176341047457,0.367338393928,0
729,-1.03398282013,-0.377379834426,0.547114618836,-0.438542894088,0.150391719962,0.0522377558522,-0.120268936574,0
134,0.843778213025,-0.868914573641,0.0845035643318,1.80225660383,-0.97451251888,0.022485855607,-0.142210312892,1
54,0.843778213025,-0.868914573641,0.0845035643318,1.80225660383,-0.97451251888,0.022485855607,-0.142210312892,1
583,-1.33261410856,-0.0927250102428,0.223636336147,-0.178053654491,-0.0405244966485,0.0176341047457,0.367338393928,0
544,-1.03398282013,-0.377379834426,0.547114618836,-0.438542894088,0.150391719962,0.0522377558522,-0.120268936574,1
706,-1.33261410856,-0.0927250102428,0.223636336147,-0.178053654491,-0.0405244966485,0.0176341047457,0.367338393928,0
149,0.38376281506,0.673858338645,1.67519232942,-0.779337502665,-0.904505940065,-1.6354033624,0.707239058245,0
285,-0.800680370335,1.54377817411,0.129632775902,-0.632048831774,-1.03343122752,2.38799824788,-0.423559592309,0
792,-1.33261410856,-0.0927250102428,0.223636336147,-0.178053654491,-0.0405244966485,0.0176341047457,0.367338393928,0
507,1.64655700015,-1.15596838614,0.649195537599,1.9353792093,-0.871877770523,0.313040779005,1.37377970714,1
317,0.843778213025,-0.868914573641,0.0845035643318,1.80225660383,-0.97451251888,0.022485855607,-0.142210312892,1
428,0.506680115522,-0.642276337771,-2.16331280128,-0.489571354163,-0.256835508511,-0.26595220546,0.338154911931,1
531,1.35601644173,-1.21278548029,-1.39574939061,-0.813743910825,0.0808561905828,-0.0687692671007,0.364738926191,1
194,1.90776283687,-0.0453873447302,0.819274183044,-0.060929618895,-1.48972071836,-1.75539081811,-0.933008071758,1
100,-1.03398282013,-0.377379834426,0.547114618836,-0.438542894088,0.150391719962,0.0522377558522,-0.120268936574,0
433,0.843778213025,-0.868914573641,0.0845035643318,1.80225660383,-0.97451251888,0.022485855607,-0.142210312892,1
21,-1.33261410856,-0.0927250102428,0.223636336147,-0.178053654491,-0.0405244966485,0.0176341047457,0.367338393928,0
341,1.90776283687,-0.0453873447302,0.819274183044,-0.060929618895,-1.48972071836,-1.75539081811,-0.933008071758,1
315,-0.481489786763,-0.661059023883,0.992118535129,-0.503262758394,0.298483947915,0.214675849619,0.396452695803,0
802,1.3962712464,-1.1525937631,0.529507480624,1.73753673953,-0.826420290927,0.184923949374,0.374511319485,1
238,1.60987818667,-1.21180984557,-1.274223757,-0.617974535534,0.0380322019258,0.0590651755593,1.36906788907,1
638,-0.481489786763,-0.661059023883,0.992118535129,-0.503262758394,0.298483947915,0.214675849619,0.396452695803,0
536,1.60987818667,-1.21180984557,-1.274223757,-0.617974535534,0.0380322019258,0.0590651755593,1.36906788907,1
441,1.3962712464,-1.1525937631,0.529507480624,1.73753673953,-0.826420290927,0.184923949374,0.374511319485,1
708,-0.183657327335,2.88457155789,0.694075119782,-1.10715807514,-2.18944937862,0.409639833727,-1.10913178676,1
702,-0.183657327335,2.88457155789,0.694075119782,-1.10715807514,-2.18944937862,0.409639833727,-1.10913178676,1
712,-0.713713670188,1.25035225886,0.789043407757,-0.654251272463,-1.195160065,-1.96087256257,-0.315576998526,0
457,-0.181779931961,2.88685544322,0.695039847512,-1.10824644975,-2.18806679587,0.409491580567,-1.10647498476,0
188,-1.32868051825,-0.0879397267039,0.225657670439,-0.18033405842,-0.0376276566156,0.0173234790767,0.372905026682,1
556,-1.32868051825,-0.0879397267039,0.225657670439,-0.18033405842,-0.0376276566156,0.0173234790767,0.372905026682,0
253,-0.713713670188,1.25035225886,0.789043407757,-0.654251272463,-1.195160065,-1.96087256257,-0.315576998526,0
695,0.447393252902,-0.808384904236,-0.509653630649,0.734879747882,-0.666983169038,0.0253116595053,-0.265543428056,0
12,1.1255805539,0.700800931334,-1.59790572967,-0.965768972134,-1.41147107686,-2.24445887278,-0.344760480523,1
537,0.110523510088,1.21734916304,0.72616750111,1.09943626624,-1.79950875719,2.51859891741,-0.733596134084,0
468,-1.32868051825,-0.0879397267039,0.225657670439,-0.18033405842,-0.0376276566156,0.0173234790767,0.372905026682,0
431,-0.713713670188,1.25035225886,0.789043407757,-0.654251272463,-1.195160065,-1.96087256257,-0.315576998526,1
858,-0.181779931961,2.88685544322,0.695039847512,-1.10824644975,-2.18806679587,0.409491580567,-1.10647498476,1
461,-0.181779931961,2.88685544322,0.695039847512,-1.10824644975,-2.18806679587,0.409491580567,-1.10647498476,1
601,1.70026652161,-1.43072320064,0.855742128257,1.47393785821,-0.631553837908,0.219104020022,-0.105505148171,1
218,-1.02683083776,-0.3686793189,0.550789772094,-0.442689083049,0.15565870184,0.0516729819085,-0.110147786113,0
362,-0.762059008277,0.649762147363,0.230179821533,0.626586367028,2.01330159112,-0.112383371821,-0.894766371905,0
296,-1.0606902967,0.934416971546,-0.0932984611563,0.887075606625,1.82238537451,-0.146987022927,-0.407159041402,0
65,-1.0606902967,0.934416971546,-0.0932984611563,0.887075606625,1.82238537451,-0.146987022927,-0.407159041402,0
195,1.34900447468,2.07938541668,-0.649913075905,2.67387992726,-0.295425595209,2.19362521997,-1.21999840396,1
453,-0.445514610752,2.27296301216,0.470194590636,0.413037323864,0.665006761993,-2.12519955597,-1.09534552902,0
451,0.0799432245776,-0.933862568935,1.44171639299,-0.573165358901,0.453159903216,0.376407975956,0.925825766257,0
473,1.95770425774,-1.42539730815,0.97910533849,1.66763413902,-0.671744335626,0.34665607571,0.903884389939,1
59,1.91923744866,-1.48341389646,-0.945232744429,-0.884683058573,0.236848891353,0.0928216657502,0.89664228426,1
643,2.51757282287,-2.0514184675,-0.297724906062,-1.40628346611,0.619471371855,0.161944251872,-0.0770542041757,0
635,2.51757282287,-2.0514184675,-0.297724906062,-1.40628346611,0.619471371855,0.161944251872,-0.0770542041757,0
168,3.06018713065,-1.9958008675,1.86782686743,1.53964557655,-0.377403323377,0.671729934124,1.93378525203,0
332,-0.699767304556,1.26731826414,0.79620995661,-0.662336340937,-1.18488945034,-1.96197387176,-0.295840755127,0
178,1.40066339637,1.73178593083,-1.91321721178,0.0975289173178,0.453765220188,-2.4093294611,-1.1147874037,0
172,2.21103979901,-2.21045469183,1.23780814772,-0.381436964147,0.257019658222,0.324851258279,-1.67571944287,0
17,2.21103979901,-2.21045469183,1.23780814772,-0.381436964147,0.257019658222,0.324851258279,-1.67571944287,0
788,2.21103979901,-2.21045469183,1.23780814772,-0.381436964147,0.257019658222,0.324851258279,-1.67571944287,0
279,2.21103979901,-2.21045469183,1.23780814772,-0.381436964147,0.257019658222,0.324851258279,-1.67571944287,0
840,-0.43156824512,2.28992901744,0.47736113949,0.40495225539,0.675277376655,-2.12630086516,-1.07560928562,1
274,0.119136792657,2.0040746991,0.921446267468,0.341268938325,0.822052859139,-1.96372157791,-0.561417940855,0
488,-0.51460135496,2.58814021623,-0.180028158072,0.42487429215,0.839903054166,2.22225931962,-1.17802524665,0
783,-1.30400617906,-0.0579229481422,0.23833694918,-0.194638410336,-0.0194565691366,0.0153750089709,0.407822995772,0
741,-1.30400617906,-0.0579229481422,0.23833694918,-0.194638410336,-0.0194565691366,0.0153750089709,0.407822995772,1
581,1.38462437123,-1.17798341819,-1.38104877758,-0.83032866667,0.101924118095,-0.0710283628756,0.405223528035,1
888,1.06722178325,1.02902890868,-2.24261574849,-0.96015128729,-1.22867431187,2.1021528419,-0.412258472462,1
631,-0.772072440833,1.57858023621,0.144333388935,-0.648633587619,-1.01236330001,2.38573915211,-0.383074990464,1
123,-0.745251849694,0.670208358847,0.238816431689,0.616842822969,2.02567899853,-0.113710590588,-0.870981668321,0
10,1.13250918346,0.178673619631,-0.223794622815,2.85764232089,0.900774759688,-0.143462490834,-0.892923044639,1
450,0.221806950311,0.953505000577,1.39807365404,1.06313678309,-1.94332985628,-1.83219212445,-0.591201628734,1
493,-0.685463339805,1.28471929519,0.803560263127,-0.670628718859,-1.17435548658,-1.96310341965,-0.275598454205,0
633,-0.50887976906,2.59510062865,-0.177088035466,0.421557340981,0.844116639668,2.22180750047,-1.16992832628,1
299,-0.685463339805,1.28471929519,0.803560263127,-0.670628718859,-1.17435548658,-1.96310341965,-0.275598454205,1
608,-1.30043018787,-0.0535726903796,0.240174525809,-0.196711504816,-0.0168230781976,0.015092621999,0.412883571003,1
271,-1.29685419668,-0.0492224326171,0.242012102438,-0.198784599297,-0.0141895872587,0.0148102350272,0.417944146233,0
611,3.63503010894,-2.25229094594,2.32431563766,1.46196887174,-0.212851777055,0.832403109316,2.4821354796,0
814,2.84034205182,-2.30670905179,0.0381570188729,-1.68076609345,0.828163652303,0.194641790918,-0.530502651872,0
543,2.84034205182,-2.30670905179,0.0381570188729,-1.68076609345,0.828163652303,0.194641790918,-0.530502651872,0
14,1.75726907578,-1.76075620673,2.78692669216,-0.778830626186,0.912052461786,0.862155009561,2.50407685592,0
120,2.84034205182,-2.30670905179,0.0381570188729,-1.68076609345,0.828163652303,0.194641790918,-0.530502651872,0
851,2.77712159889,-2.47760290179,1.68979485521,-0.454034587479,0.415119151743,0.486216281552,-1.13976762461,0
262,2.77792619691,-2.47662409379,1.69020830995,-0.454501033737,0.415711687205,0.486152744483,-1.13862899519,1
183,2.77792619691,-2.47662409379,1.69020830995,-0.454501033737,0.415711687205,0.486152744483,-1.13862899519,0
234,2.84114664983,-2.30573024379,0.0385704736144,-1.68123253971,0.828756187764,0.194578253849,-0.529364022445,1
597,0.556743992151,-0.581372729095,-2.13758672847,-0.518594676891,-0.219966635365,-0.269905623066,0.409002965158,1
849,0.136958286885,-0.706906602828,-0.636377155071,-1.08931198993,0.282738716259,0.0533368596264,0.629532511709,0
171,-0.747040502519,1.60903204055,0.157196425339,-0.663145248983,-0.993928863437,2.38376244331,-0.347650963851,0
516,-1.27524948832,-0.0229399153187,0.253114005401,-0.211309406911,0.00172091159828,0.013104165898,0.448518117546,0
148,2.26525062033,-1.71042780529,-0.597406571404,-1.17264080004,0.462658862905,0.12368368948,0.476087575562,0
437,2.26525062033,-1.71042780529,-0.597406571404,-1.17264080004,0.462658862905,0.12368368948,0.476087575562,0
352,-0.653279419115,1.32387161505,0.820098452789,-0.689286569185,-1.15065406813,-1.9656449024,-0.23005327713,0
648,1.30295391397,1.91815802874,-0.894023570263,1.31604020248,0.241096036635,2.22697181118,-1.75777102871,1
340,-1.26467027599,-0.0100701127539,0.2585502921,-0.217442449622,0.00951183119216,0.0122687522805,0.463489323308,0
56,-0.649703427927,1.32822187281,0.821936029418,-0.691359663665,-1.14802057719,-1.96592728937,-0.2249927019,1
550,1.36967979934,-1.2901487884,0.295396343252,0.368416063816,-0.275568254789,0.216733903638,-0.135723679094,1
146,-0.40639397182,-0.569703610869,1.03070764434,-0.546797742486,0.353787257633,0.20874572321,0.502724775644,0
828,1.88318826319,-0.276966476838,0.0936784114692,1.63643204819,1.53547632662,0.180916709577,0.0767338815747,1
818,-0.144959257315,0.44467819485,0.708382867268,0.524412319361,2.20897257317,0.0449528930027,-0.286616338952,0
184,2.29936989618,-0.216935467086,1.19052945809,-0.375319314987,-1.23033373734,-1.72812922828,-1.28904044627,1
619,2.3625903491,-0.0460416170827,-0.461108378246,-1.60205082096,-0.817289236777,-2.01970371891,-0.679775473526,1
685,-0.390302011475,-0.550127450938,1.03897673917,-0.556126667649,0.365637966859,0.207474981836,0.525497364182,0
557,2.60139907318,1.50885487361,-1.61260160463,1.54558558411,0.0976770098043,2.09859669367,-1.91021984411,1
767,-0.975730467669,1.03777213557,-0.0496405805714,0.837822198718,1.88495290563,-0.153696085559,-0.286927870845,0
639,3.39656487225,-1.8944430349,2.03175458175,1.6875782967,-0.359459508617,0.793048297408,3.05488698836,0
687,0.510508841689,-1.39811031906,2.0119382551,-1.34044489135,0.94200766673,0.31089765307,-0.930366336384,0
165,2.28658261285,-2.11855549659,1.27662695401,-0.425231085049,0.312652154308,0.318885833498,-1.56881479112,0
825,2.28658261285,-2.11855549659,1.27662695401,-0.425231085049,0.312652154308,0.318885833498,-1.56881479112,0
51,2.28658261285,-2.11855549659,1.27662695401,-0.425231085049,0.312652154308,0.318885833498,-1.56881479112,0
584,-0.440041938696,2.67884309058,-0.141714685356,0.38165027223,0.894811340244,2.21637155126,-1.07251225309,0
44,2.27776032391,-0.35092259249,-1.21766731602,0.130242488126,2.16353348588,-0.0786379707427,0.244695787172,1
609,2.31622713299,-0.292906004178,0.706670766898,2.68255968572,1.2549402589,0.175196439217,0.251937892852,1
686,0.43846609983,0.198628735038,1.1692818214,0.441760187798,2.37984449774,0.204948339463,0.27387926917,0
603,-1.2153215976,0.0499634443695,0.283908849582,-0.246051153454,0.0458540061501,0.00837181206881,0.533325261489,0
72,3.25072306486,-2.45541832089,0.419059571221,-2.00603953557,1.10137646076,0.220420849154,-0.859967006421,0
679,4.29748487134,-2.4021997092,2.8258250353,1.33350135215,0.0162202972716,0.986157803698,3.15446980032,0
60,3.18750261193,-2.62631217089,2.07069740756,-0.779308029594,0.688331960197,0.511995339788,-1.46923197916,0
481,3.18750261193,-2.62631217089,2.07069740756,-0.779308029594,0.688331960197,0.511995339788,-1.46923197916,0
684,1.41142884078,-1.90586699336,2.80600870864,-1.6945218359,1.31768747262,0.504007159359,-0.830783524423,0
387,3.18750261193,-2.62631217089,2.07069740756,-0.779308029594,0.688331960197,0.511995339788,-1.46923197916,0
84,-1.18170728044,0.0908558673376,0.301182069895,-0.265538241572,0.0706088209765,0.00571737453335,0.580894668656,0
711,0.680561787283,2.3019153224,-0.506979835774,0.829874295939,0.423655870022,-2.29814895674,-0.581506199445,1
186,-0.629032793323,1.75259054671,0.217836454099,-0.731557366842,-0.907023662451,2.37444367323,-0.180651981243,0
868,-0.625486840461,1.75690426231,0.219658595085,-0.733613047329,-0.904412292836,2.37416365831,-0.175633914845,0
572,1.93960313886,0.40640476291,1.06500754923,0.962208572413,-1.80693022599,-1.9354965232,-1.06042085178,1
7,-0.000745378082176,3.10708724245,0.78806716436,-1.21319685783,-2.05474631709,0.395195740116,-0.850283363717,0
672,-0.316097540145,1.48533675358,0.548665043305,-1.00033898436,-0.705573482085,2.40791777645,-0.648017010824,0
476,-0.614728828572,1.76999157776,0.225186760616,-0.739849744764,-0.896489698695,2.37331412535,-0.160409680321,0
36,-0.848031278371,-0.151166430772,0.642668603549,-0.546343807079,0.287333248789,0.0375536333156,0.142880975413,0
384,1.02972975479,-0.642701169988,0.180057549045,1.69445569084,-0.837570990053,0.00780173307038,0.120939599095,1
872,1.5843984212,-0.923733662623,0.626179446959,1.62847455586,-0.687876546213,0.170068022603,0.640740085443,1
249,-0.293362611962,-0.432198923407,1.08879050146,-0.612324942066,0.437027692629,0.199819922848,0.662681461761,1
4,1.65256378347,0.705161382656,0.747485954947,1.21597766894,-1.98930971837,-1.97101555992,-0.556409160606,1
810,2.18449752169,2.34166456701,0.653482394702,0.761982491659,-2.98221644924,0.399348583222,-1.34730714684,1
749,-0.840164097758,-0.141595863694,0.646711272133,-0.550904614936,0.293126928854,0.0369323819775,0.15401424092,0
725,0.306736488535,2.83319930623,1.11609344921,-1.47881700626,-1.8573122104,0.429100483468,-1.32536577052,1
167,2.45016003756,2.35699605235,0.781072031182,0.950910655165,-3.0163499178,0.526251148875,-0.326278285701,1
357,2.41169322848,2.29897946404,-1.14326605174,-1.60140654243,-2.10775669082,0.272416738915,-0.333520391381,1
371,0.583100966249,3.8657434381,0.801440554561,-0.416262113872,0.00886792980026,0.264128687653,-2.09357898353,1
578,2.20452307235,2.36602601048,0.663772823825,0.750373162568,-2.96746889999,0.39776721618,-1.31896792555,1
435,0.326762039186,2.8575607497,1.12638387833,-1.49042633535,-1.84256466114,0.427519116425,-1.29702654923,0
510,-1.11450868444,0.172604171109,0.335713074879,-0.304495003813,0.120096329305,0.000410871512985,0.675990974158,1
75,-1.11450868444,0.172604171109,0.335713074879,-0.304495003813,0.120096329305,0.000410871512985,0.675990974158,1
170,-1.11450868444,0.172604171109,0.335713074879,-0.304495003813,0.120096329305,0.000410871512985,0.675990974158,0
839,-1.11450868444,0.172604171109,0.335713074879,-0.304495003813,0.120096329305,0.000410871512985,0.675990974158,1
693,-1.11450868444,0.172604171109,0.335713074879,-0.304495003813,0.120096329305,0.000410871512985,0.675990974158,1
827,-1.11450868444,0.172604171109,0.335713074879,-0.304495003813,0.120096329305,0.000410871512985,0.675990974158,0
691,-0.280337628268,1.52883933121,0.567040809596,-1.02106992917,-0.679238572695,2.40509390673,-0.597411258518,1
782,1.59742340489,1.03730459199,0.104429755091,1.21972956875,-1.80414281154,2.37534200649,-0.619352634836,1
524,2.11611705597,2.05679477731,-0.0946236905791,2.48473956614,0.010720331731,2.33911535132,-0.399557240084,1
330,2.07765024689,1.998778189,-2.0189617735,-0.0675776314574,0.91931355871,2.08528094136,-0.406799345763,1
514,1.34227110495,0.433852779571,-0.116005317874,2.73603791561,1.05525112458,-0.160026858784,-0.596077798537,1
93,0.364488746217,2.90345596909,1.14577031177,-1.51229748212,-1.81478133174,0.424539933872,-1.24363748055,0
156,-0.26926097534,0.941408084958,0.474486445248,0.683838203029,2.14643903983,-0.00341712298186,0.447694034038,0
755,2.22411560122,-1.10130310484,1.11600479736,1.51318860022,-0.475549260672,0.325618246307,1.28089724461,1
616,2.18564879215,-1.15931969315,-0.808333285561,-1.03912859738,0.433043966307,0.0717838363468,1.27365513893,1
337,-0.128645487623,1.31415308146,1.25971157844,-1.08079537995,-0.793301224177,-1.94888810791,-0.397832253064,0
152,1.74911554554,0.822618342245,0.797100523933,1.16000411797,-1.91820546302,-1.97864000816,-0.419773629381,1
642,0.739107890152,2.77236018642,-1.09161653447,0.767719205262,0.692545667392,2.03923107601,-0.483565890177,1
370,0.739107890152,2.77236018642,-1.09161653447,0.767719205262,0.692545667392,2.03923107601,-0.483565890177,1
325,2.46931510686,-2.56276478926,3.85968577801,-2.56990073466,2.00973326199,0.595025982854,-2.06436145799,0
847,2.46931510686,-2.56276478926,3.85968577801,-2.56990073466,2.00973326199,0.595025982854,-2.06436145799,0
202,2.46931510686,-2.56276478926,3.85968577801,-2.56990073466,2.00973326199,0.595025982854,-2.06436145799,0
864,4.30860933095,-3.11231611679,1.47273664059,-2.88141843433,1.79342225012,0.311439672648,-2.09354493999,0
181,4.30860933095,-3.11231611679,1.47273664059,-2.88141843433,1.79342225012,0.311439672648,-2.09354493999,0
160,4.24538887802,-3.2832099668,3.12437447692,-1.65468692836,1.38037774956,0.603014163282,-2.70280991273,0
793,4.30860933095,-3.11231611679,1.47273664059,-2.88141843433,1.79342225012,0.311439672648,-2.09354493999,0
541,2.4618631362,0.814041408536,-1.20376420895,-1.25751166883,-0.719177089909,2.40415568472,1.03109138597,1
746,1.23929864381,0.975561347298,-0.267246608815,-1.96135158733,-0.319106486641,2.43684324401,-0.26436908751,0
2,2.04222710518,1.87553560128,0.491053368156,2.21285029429,-0.0396921580503,-2.14493427864,-1.16428715647,1
666,-0.395632368871,-0.248760171164,1.04516268129,-0.895976109341,0.591489575775,0.0600146446322,-0.127121620177,0
386,-0.992894945726,0.320549477201,0.398206115912,-0.374997630147,0.209657142555,-0.00919265758074,0.848093040828,0
656,-0.395632368871,-0.248760171164,1.04516268129,-0.895976109341,0.591489575775,0.0600146446322,-0.127121620177,0
367,1.4556300256,0.571755950644,-0.0577541387318,2.67032082058,1.13873278735,-0.168978525792,-0.435657563729,1
682,-0.710183083654,1.36081531661,0.0868149197831,0.683877519541,2.08051172917,-0.17466569027,0.0888623488531,1
646,-0.411551795226,1.07616049242,0.410293202472,0.423388279943,2.27142794578,-0.140062039164,-0.398744981649,1
53,1.46620923793,0.584625753209,-0.0523178520322,2.66418777786,1.14652370694,-0.169813939409,-0.420686357967,1
103,-0.415101774702,0.0676483614137,0.856210886855,-0.454384637903,0.376381318901,0.15124754836,1.40061824296,0
125,-0.415101774702,0.0676483614137,0.856210886855,-0.454384637903,0.376381318901,0.15124754836,1.40061824296,0
766,1.21538305889,-0.416850577832,0.275458279868,1.58682767393,-0.70084909437,-0.00685883839278,0.383667459108,1
628,0.878284961382,-0.190212341961,-1.97235808574,-0.705000284064,0.0168279159986,-0.295296899459,0.864032683931,1
497,1.43873860176,0.539986207517,-1.97100538682,0.105495814744,2.06321491856,-0.424516689308,-0.412367194813,1
742,-0.0410337035232,1.42073439664,1.30473220585,-1.13158619473,-0.728780696172,-1.95580658872,-0.273848159916,0
790,-0.160578227374,3.01881573472,0.00189192820872,0.219637938572,1.10061865712,2.19430300941,-0.677028298824,0
257,1.18524906756,0.890777811151,-0.366715566051,2.91443261378,0.968621149156,-0.205813033976,0.0919283110944,1
588,0.688758098831,2.4483065922,0.769455338876,-0.10453461809,1.43831035622,2.39148594777,-0.650444284564,1
559,2.92508769154,2.28680893586,1.19514284169,0.588217857675,-2.6956025979,0.546933122269,-0.564399257339,1
263,1.04732665838,2.77834367508,1.65775389619,-1.65258164025,-1.57069835906,0.576685022514,-0.542457881021,0
62,1.68443758261,2.47622481961,-2.38211708661,-0.0951967122681,0.888521230765,1.91026488005,-0.698114860453,1
830,1.72290439169,2.53424140793,-0.457779003689,2.45712048532,-0.0200719962145,2.16409929001,-0.690872754773,1
446,2.4763010535,0.737620366259,0.487779544013,-0.075800726453,-1.07503112114,2.68959769044,0.531724901277,1
35,-0.372633567932,1.12350521771,0.430291916442,0.400826378092,2.30008875437,-0.143135313056,-0.3436697293,0
880,2.37923064524,1.97765472898,0.655302658387,2.3604202229,-0.0212874823759,-2.02366533307,-0.042299819481,1
311,1.79005879839,2.20549245901,-1.71312055251,-0.128213657624,0.740530262119,-2.44007903028,-0.563733269923,1
231,1.86980524812,0.969439541732,0.859118735165,1.09003717925,-1.82932514383,-1.98817056846,-0.248979215351,1
63,-0.00795578503657,1.46097428095,1.32172978967,-1.15076231867,-0.704420904986,-1.95841866821,-0.227037839033,0
760,1.47130878747,1.52060803585,-2.0349695894,-1.1944109636,-0.931089835768,2.07024311408,0.159586528588,1
258,1.47130878747,1.52060803585,-2.0349695894,-1.1944109636,-0.931089835768,2.07024311408,0.159586528588,1
505,1.47130878747,1.52060803585,-2.0349695894,-1.1944109636,-0.931089835768,2.07024311408,0.159586528588,1
454,0.291920834737,2.52212135761,1.01915896136,-0.101838022494,1.17907443814,-2.12524715836,-0.961977769902,1
225,0.0387108999634,1.51774514475,1.34571016468,-1.17781620165,-0.670053848232,-1.96210381819,-0.160997332275,1
487,1.91647193312,1.02621040553,0.883099110175,1.06298329628,-1.79495808707,-1.99185571844,-0.182938708593,1
413,1.87800512405,0.968193817221,-1.04123897274,-1.48933390132,-0.886364860095,-2.2456901284,-0.190180814272,1
246,0.337342188391,1.23309032057,1.66918844737,-1.43830544124,-0.479137631622,-1.92750016709,-0.648604662777,0
485,0.223012890088,2.83751607456,0.369028091482,-0.0901047089324,1.35410240486,2.22219759788,-1.04440445877,1
521,1.52137266409,1.58151164453,-2.00924351659,-1.22343428632,-0.894220962622,2.06628969648,0.230434581815,1
545,0.415798891066,2.67282124692,1.08281555591,-0.173653332253,1.27030277785,-2.13502949489,-0.786671346996,0
538,1.34149497866,1.06963275801,-2.19099760151,0.249235421716,2.02060795776,-0.475023414554,0.360234526717,1
308,2.3112610806,2.20282028363,0.629300505724,2.05688434799,0.158434319158,-2.16617921065,-0.783562875923,1
506,0.433500047445,2.69435502285,1.09191156023,-0.183915149932,1.283338558,-2.1364273104,-0.761621499605,0
551,1.25046336122,2.42455694279,1.66389246495,-0.0590156810324,1.39641931152,-1.84699250316,0.774441798132,1
699,0.998389611868,2.42575643695,1.54328561966,-0.255821603564,1.44056004564,-1.97496813931,-0.227356877133,0
582,2.87615064503,1.93422169773,1.08067456516,1.98497789436,0.315655806801,-2.00472003956,-0.249298253451,1
394,1.68911734635,0.844576465175,-1.84234451901,-0.0396552122654,2.24760300024,-0.444288464962,-0.0580429231271,1
436,3.11094156103,0.955711845085,-0.700203416604,-1.72116416752,-0.270178761278,2.41108541258,1.03942042806,1
764,3.1494083701,1.0137284334,1.22413466631,0.831153030069,-1.17877198826,2.66491982254,1.04666253373,1
391,1.27164733694,1.50526317261,1.68674572082,-1.40964646785,-0.0538677494157,2.69467172279,1.06860391005,1
661,0.0345593710137,0.274575837673,1.26622314977,-1.14536937536,0.908298535734,0.0260434919177,0.481665580055,1
335,1.61368911575,0.0676959226398,0.480133812578,1.35591936216,-0.407521919717,-0.038312059434,0.94733153424,1
338,2.68918747014,4.2886949013,-1.61843549672,-0.795081224695,0.0180393347299,-0.0987113415333,-0.834994185533,1
270,1.90574239295,1.64988187652,-1.19700788426,-1.41804894644,-0.836931312574,-2.30606627831,0.759288011565,1
374,-0.28890199861,1.87331135315,0.30329651482,0.439649990353,2.39075855641,-0.207933191128,0.685039607726,0
326,2.16535907354,2.66205201119,-1.52026688529,-0.345784923362,1.01691513617,-2.46971554298,-0.0326258994792,1
196,2.16019317181,3.05499007276,-2.13764295175,-0.371004518917,1.23888507887,1.87269566549,-0.0248478348632,1
306,3.35639926189,0.761108061112,1.72477480259,-0.645166960036,-0.681675661099,-1.6637188995,0.85189371339,1
709,1.40461150276,0.45007338641,-1.70189730971,-1.01012537824,0.404434066267,-0.336859574093,1.60886535232,1
499,3.45808652389,0.990018499428,1.99747504917,0.680418731584,-1.17722438752,-1.70145898017,1.46840079181,0
298,3.41961971481,0.932001911115,0.0731369662545,-1.87189846601,-0.268631160539,-1.95529339013,1.46115868613,0
610,2.03325651712,1.80500510792,-1.13148284178,-1.49197217867,-0.743025239275,-2.31613574591,0.939740027365,1
269,2.62242836398,1.57716737789,1.23694036911,0.996661701858,-1.50484298377,-1.8997220487,1.46117347781,1
333,0.744667330817,2.06870211711,1.69955142362,-1.24413779606,-0.379938744929,-1.86997014845,1.48311485412,0
857,2.38765544174,0.0534429872942,1.03894509727,1.16280570815,-0.096328644044,0.10663684905,1.7774717966,1
319,3.21622923008,1.33251889039,-0.201400403041,-1.66662278095,-0.389408559575,-1.99741796641,2.08354634098,1
690,2.91484942504,2.32090432438,-1.13208751655,-1.7756941451,-0.126797503094,2.16231743414,1.93727699403,1
780,2.95331623412,2.3789209127,0.792250566369,0.776623052491,-1.03539073007,2.4161518441,1.94451909971,1
731,2.36414438726,2.60675864272,-1.57617264453,-1.71201082804,-0.273572985578,1.99973814688,1.42308564927,1
378,1.9700722263,3.29997410323,2.03367425779,-0.476191531882,1.92636564704,-1.90381819363,1.79279855773,0
701,3.1596649899,3.2349189378,1.06526556098,1.56504268247,0.783230044432,-2.23317551972,0.41705859752,1
381,2.20760004433,2.1232651881,-1.74593654195,-0.252868061482,2.65843946318,-0.543417539138,1.58590584755,1
717,2.82256689239,3.46155717367,-1.18255080463,-0.726785275525,1.5009070548,-2.52161358079,0.897423822343,1
558,0.368305820243,2.67281651563,0.641012595477,0.0586496381893,2.87475047505,-0.259831228932,1.61508932955,0
119,1.59395420543,4.19743914999,1.06458179273,-0.541935221389,2.13393674289,2.26181909463,1.54076318846,0
743,4.59643721663,2.81124068655,-0.22350402389,-1.44693882426,2.45744307587,2.20881739643,1.07209668057,1
89,4.76622783087,1.27428462347,1.10515595983,-2.82729191432,0.665046784609,-1.94526000826,1.54638273308,1
28,2.95080505505,1.85287599827,3.50437179846,-2.52961310995,0.898937605654,-1.6635587659,1.60934797054,0
342,4.80203500328,1.31784469439,1.12355601165,-2.84805025727,0.691416498389,-1.94808761002,1.59705536628,1
439,3.47285613996,1.87225704542,3.75478551496,-2.14638043637,0.823840994294,-1.40902129449,3.63828163767,0
259,3.34993171011,3.51293225819,-1.15893230689,-0.915107241336,3.49969435818,-0.633624579094,3.20248011449,1
738,2.48986270079,6.24312491689,1.36386069455,-1.31689114409,3.05250047176,1.98500439862,3.07375155685,1
680,3.26421347684,6.22933967196,1.92286953466,-1.51022767372,3.36397687053,2.12992294805,3.90443587491,1
